{"options":{},"indexes":[{"v":{"$numberInt":"2"},"key":{"_id":{"$numberInt":"1"}},"name":"_id_","ns":"introspec_settlement.flexCube"},{"v":{"$numberInt":"2"},"key":{"affiliateCode":{"$numberInt":"1"}},"name":"affiliateCode","ns":"introspec_settlement.flexCube"},{"v":{"$numberInt":"2"},"key":{"flexCubeSummaryId":{"$numberInt":"1"}},"name":"flexCubeSummaryId","ns":"introspec_settlement.flexCube"},{"v":{"$numberInt":"2"},"key":{"tranDateString":{"$numberInt":"1"}},"name":"tranDateString","ns":"introspec_settlement.flexCube"}],"uuid":"faa74247582f40b8adea18ebf788c671"}